{
  "actions": [
    {
      "tag": 0,
      "name": "WaitFor",
      "position": {
        "X": 0,
        "Y": 0,
        "Z": 0
      },
      "arguments": [
        "IsReady"
      ],
      "note": ""
    },
    {
      "tag": 0,
      "name": "Wait",
      "position": {
        "X": 0,
        "Y": 0,
        "Z": 0
      },
      "arguments": [
        "100"
      ],
      "note": ""
    },
    {
      "tag": 0,
      "name": "MoveTo",
      "position": {
        "X": 186.77065,
        "Y": 185.99998,
        "Z": -29.414112
      },
      "arguments": [],
      "note": ""
    },
    {
      "tag": 0,
      "name": "ForceAttack",
      "position": {
        "X": 0,
        "Y": 0,
        "Z": 0
      },
      "arguments": [
        "2000"
      ],
      "note": "Kill savages!"
    },
    {
      "tag": 0,
      "name": "WaitFor",
      "position": {
        "X": 0,
        "Y": 0,
        "Z": 0
      },
      "arguments": [
        "OOC"
      ],
      "note": ""
    },
    {
      "tag": 0,
      "name": "MoveTo",
      "position": {
        "X": 196.52444,
        "Y": 185.99942,
        "Z": -6.5166287
      },
      "arguments": [],
      "note": ""
    },
    {
      "tag": 0,
      "name": "Interactable",
      "position": {
        "X": 0,
        "Y": 0,
        "Z": 0
      },
      "arguments": [
        "2012811"
      ],
      "note": "Magitek Terminal"
    },
    {
      "tag": 0,
      "name": "WaitFor",
      "position": {
        "X": 0,
        "Y": 0,
        "Z": 0
      },
      "arguments": [
        "IsReady"
      ],
      "note": ""
    },
    {
      "tag": 0,
      "name": "StopForCombat",
      "position": {
        "X": 0,
        "Y": 0,
        "Z": 0
      },
      "arguments": [
        "false"
      ],
      "note": ""
    },
    {
      "tag": 0,
      "name": "Wait",
      "position": {
        "X": 227.98,
        "Y": 155.5,
        "Z": -28.8
      },
      "arguments": [
        "1000"
      ],
      "note": ""
    },
    {
      "tag": 0,
      "name": "StopForCombat",
      "position": {
        "X": 0,
        "Y": 0,
        "Z": 0
      },
      "arguments": [
        "true"
      ],
      "note": ""
    },
    {
      "tag": 0,
      "name": "WaitFor",
      "position": {
        "X": 0,
        "Y": 0,
        "Z": 0
      },
      "arguments": [
        "OOC"
      ],
      "note": ""
    },
    {
      "tag": 0,
      "name": "StopForCombat",
      "position": {
        "X": 227.98,
        "Y": 155.5,
        "Z": -28.8
      },
      "arguments": [
        "false"
      ],
      "note": ""
    },
    {
      "tag": 0,
      "name": "Wait",
      "position": {
        "X": 219.43,
        "Y": 154.74,
        "Z": -64.16
      },
      "arguments": [
        "1500"
      ],
      "note": ""
    },
    {
      "tag": 0,
      "name": "Wait",
      "position": {
        "X": 165.24101,
        "Y": 154.3641,
        "Z": -65.98498
      },
      "arguments": [
        "1500"
      ],
      "note": ""
    },
    {
      "tag": 0,
      "name": "StopForCombat",
      "position": {
        "X": 155.66,
        "Y": 154.96,
        "Z": -58.63
      },
      "arguments": [
        "true"
      ],
      "note": ""
    },
    {
      "tag": 0,
      "name": "WaitFor",
      "position": {
        "X": 0,
        "Y": 0,
        "Z": 0
      },
      "arguments": [
        "OOC"
      ],
      "note": ""
    },
    {
      "tag": 0,
      "name": "MoveTo",
      "position": {
        "X": 155.03079,
        "Y": 156.74977,
        "Z": -49.634167
      },
      "arguments": [],
      "note": ""
    },
    {
      "tag": 0,
      "name": "MoveTo",
      "position": {
        "X": 171.39232,
        "Y": 155.90302,
        "Z": -27.267841
      },
      "arguments": [],
      "note": ""
    },
    {
      "tag": 0,
      "name": "Interactable",
      "position": {
        "X": 0,
        "Y": 0,
        "Z": 0
      },
      "arguments": [
        "2012813"
      ],
      "note": "Magitek Transporter"
    },
    {
      "tag": 0,
      "name": "WaitFor",
      "position": {
        "X": 0,
        "Y": 0,
        "Z": 0
      },
      "arguments": [
        "IsReady"
      ],
      "note": ""
    },
    {
      "tag": 0,
      "name": "ConditionAction",
      "position": {
        "X": 181.71704,
        "Y": 76,
        "Z": 0.07362897
      },
      "arguments": [
        "IsTargetable;14450;Boss"
      ],
      "note": ""
    },
    {
      "tag": 0,
      "name": "MoveTo",
      "position": {
        "X": 175.22224,
        "Y": 76,
        "Z": 2.4422827
      },
      "arguments": [],
      "note": ""
    },
    {
      "tag": 0,
      "name": "Interactable",
      "position": {
        "X": 0,
        "Y": 0,
        "Z": 0
      },
      "arguments": [
        "2012815"
      ],
      "note": "Magitek Terminal"
    },
    {
      "tag": 0,
      "name": "WaitFor",
      "position": {
        "X": 0,
        "Y": 0,
        "Z": 0
      },
      "arguments": [
        "IsReady"
      ],
      "note": ""
    },
    {
      "tag": 0,
      "name": "MoveTo",
      "position": {
        "X": 174.66069,
        "Y": 101.99998,
        "Z": -65.43224
      },
      "arguments": [],
      "note": ""
    },
    {
      "tag": 0,
      "name": "Interactable",
      "position": {
        "X": 0,
        "Y": 0,
        "Z": 0
      },
      "arguments": [
        "2012819"
      ],
      "note": "Magitek Armor"
    },
    {
      "tag": 0,
      "name": "DutySpecificCode",
      "position": {
        "X": 0,
        "Y": 0,
        "Z": 0
      },
      "arguments": [
        "1"
      ],
      "note": ""
    },
    {
      "tag": 0,
      "name": "MoveTo",
      "position": {
        "X": 99.82625,
        "Y": 67.003944,
        "Z": -16.06964
      },
      "arguments": [],
      "note": ""
    },
    {
      "tag": 0,
      "name": "MoveTo",
      "position": {
        "X": 100.97926,
        "Y": 67.00394,
        "Z": 23.26732
      },
      "arguments": [],
      "note": ""
    },
    {
      "tag": 0,
      "name": "MoveTo",
      "position": {
        "X": 139.52057,
        "Y": 66.380875,
        "Z": 87.69139
      },
      "arguments": [],
      "note": ""
    },
    {
      "tag": 0,
      "name": "MoveTo",
      "position": {
        "X": 188.81621,
        "Y": 66.38312,
        "Z": 97.15587
      },
      "arguments": [],
      "note": ""
    },
    {
      "tag": 0,
      "name": "WaitFor",
      "position": {
        "X": 0,
        "Y": 0,
        "Z": 0
      },
      "arguments": [
        "OOC"
      ],
      "note": ""
    },
    {
      "tag": 0,
      "name": "MoveTo",
      "position": {
        "X": 243.21655,
        "Y": 66.822586,
        "Z": 89.79308
      },
      "arguments": [],
      "note": ""
    },
    {
      "tag": 0,
      "name": "AutoMoveFor",
      "position": {
        "X": 235.07,
        "Y": 68.62,
        "Z": 75.27
      },
      "arguments": [
        "2000"
      ],
      "note": ""
    },
    {
      "tag": 0,
      "name": "Wait",
      "position": {
        "X": 0,
        "Y": 0,
        "Z": 0
      },
      "arguments": [
        "1000"
      ],
      "note": ""
    },
    {
      "tag": 0,
      "name": "ConditionAction",
      "position": {
        "X": 0,
        "Y": 0,
        "Z": 0
      },
      "arguments": [
        "GetDistanceToPlayer;108.3,-106.0,0.12;\u003E;20\u0026ModifyIndex;32"
      ],
      "note": ""
    },
    {
      "tag": 0,
      "name": "MoveTo",
      "position": {
        "X": 108.2723,
        "Y": -106.00963,
        "Z": 0.120180205
      },
      "arguments": [],
      "note": ""
    },
    {
      "tag": 0,
      "name": "MoveTo",
      "position": {
        "X": 83.95744,
        "Y": -107.399994,
        "Z": -44.247902
      },
      "arguments": [],
      "note": ""
    },
    {
      "tag": 0,
      "name": "MoveTo",
      "position": {
        "X": 84.226364,
        "Y": -107.906784,
        "Z": -71.731224
      },
      "arguments": [],
      "note": ""
    },
    {
      "tag": 0,
      "name": "MoveTo",
      "position": {
        "X": 40.704433,
        "Y": -107.4,
        "Z": -71.93495
      },
      "arguments": [],
      "note": ""
    },
    {
      "tag": 0,
      "name": "MoveTo",
      "position": {
        "X": 10.618515,
        "Y": -107.91797,
        "Z": -73.60219
      },
      "arguments": [],
      "note": ""
    },
    {
      "tag": 0,
      "name": "MoveTo",
      "position": {
        "X": 12.447561,
        "Y": -106.00963,
        "Z": -26.522896
      },
      "arguments": [],
      "note": ""
    },
    {
      "tag": 0,
      "name": "Wait",
      "position": {
        "X": -25.343561,
        "Y": -104.000015,
        "Z": 0.07380164
      },
      "arguments": [
        "3000"
      ],
      "note": ""
    },
    {
      "tag": 0,
      "name": "WaitFor",
      "position": {
        "X": 0,
        "Y": 0,
        "Z": 0
      },
      "arguments": [
        "OOC"
      ],
      "note": ""
    },
    {
      "tag": 0,
      "name": "MoveTo",
      "position": {
        "X": -62.663933,
        "Y": -103.96662,
        "Z": 0.004338672
      },
      "arguments": [],
      "note": ""
    },
    {
      "tag": 0,
      "name": "ConditionAction",
      "position": {
        "X": 0,
        "Y": 0,
        "Z": 0
      },
      "arguments": [
        "IsTargetable;14616;ForceAttack;3000"
      ],
      "note": ""
    },
    {
      "tag": 0,
      "name": "WaitFor",
      "position": {
        "X": 0,
        "Y": 0,
        "Z": 0
      },
      "arguments": [
        "OOC"
      ],
      "note": ""
    },
    {
      "tag": 0,
      "name": "MoveTo",
      "position": {
        "X": -65.41011,
        "Y": -103.97595,
        "Z": 0.3130064
      },
      "arguments": [],
      "note": ""
    },
    {
      "tag": 0,
      "name": "MoveTo",
      "position": {
        "X": -80.88,
        "Y": -103.97,
        "Z": 0.21
      },
      "arguments": [
        "false"
      ],
      "note": ""
    },
    {
      "tag": 0,
      "name": "DutySpecificCode",
      "position": {
        "X": 0,
        "Y": 0,
        "Z": 0
      },
      "arguments": [
        "2"
      ],
      "note": ""
    },
    {
      "tag": 0,
      "name": "MoveTo",
      "position": {
        "X": -107.02249,
        "Y": -103.82274,
        "Z": -0.11603833
      },
      "arguments": [],
      "note": ""
    },
    {
      "tag": 0,
      "name": "ConditionAction",
      "position": {
        "X": -175.56,
        "Y": -103.89,
        "Z": -0.33
      },
      "arguments": [
        "IsTargetable;14451;Boss"
      ],
      "note": ""
    },
    {
      "tag": 0,
      "name": "MoveTo",
      "position": {
        "X": -213.22778,
        "Y": -103.99738,
        "Z": -1.8609644
      },
      "arguments": [],
      "note": ""
    },
    {
      "tag": 0,
      "name": "MoveTo",
      "position": {
        "X": -236.54112,
        "Y": -103.99738,
        "Z": -17.903036
      },
      "arguments": [],
      "note": ""
    },
    {
      "tag": 0,
      "name": "ConditionAction",
      "position": {
        "X": 0,
        "Y": 0,
        "Z": 0
      },
      "arguments": [
        "GetDistanceToPlayer;-236.54112,-103.99738,-17.903036;\u003E;2\u0026ModifyIndex;62"
      ],
      "note": ""
    },
    {
      "tag": 0,
      "name": "Interactable",
      "position": {
        "X": 0,
        "Y": 0,
        "Z": 0
      },
      "arguments": [
        "2012817"
      ],
      "note": "Magitek Terminal"
    },
    {
      "tag": 0,
      "name": "Wait",
      "position": {
        "X": 0,
        "Y": 0,
        "Z": 0
      },
      "arguments": [
        "2000"
      ],
      "note": ""
    },
    {
      "tag": 0,
      "name": "WaitFor",
      "position": {
        "X": 0,
        "Y": 0,
        "Z": 0
      },
      "arguments": [
        "IsReady"
      ],
      "note": ""
    },
    {
      "tag": 0,
      "name": "ConditionAction",
      "position": {
        "X": 0,
        "Y": 0,
        "Z": 0
      },
      "arguments": [
        "GetDistanceToPlayer;-236.54112,-103.99738,-17.903036;\u003E;5\u0026ModifyIndex;62"
      ],
      "note": ""
    },
    {
      "tag": 0,
      "name": "MoveToObject",
      "position": {
        "X": 0,
        "Y": 0,
        "Z": 0
      },
      "arguments": [
        "2012818"
      ],
      "note": "Shortcut"
    },
    {
      "tag": 0,
      "name": "Interactable",
      "position": {
        "X": 0,
        "Y": 0,
        "Z": 0
      },
      "arguments": [
        "2012818"
      ],
      "note": "Shortcut"
    },
    {
      "tag": 0,
      "name": "DutySpecificCode",
      "position": {
        "X": 0,
        "Y": 0,
        "Z": 0
      },
      "arguments": [
        "3"
      ],
      "note": ""
    },
    {
      "tag": 0,
      "name": "ConditionAction",
      "position": {
        "X": -570.33,
        "Y": -268,
        "Z": 219.99
      },
      "arguments": [
        "IsTargetable;14453;Boss"
      ],
      "note": ""
    },
    {
      "tag": 0,
      "name": "WaitFor",
      "position": {
        "X": 0,
        "Y": 0,
        "Z": 0
      },
      "arguments": [
        "IsReady"
      ],
      "note": ""
    },
    {
      "tag": 0,
      "name": "MoveTo",
      "position": {
        "X": 11.8334675,
        "Y": -107.9454,
        "Z": -69.589195
      },
      "arguments": [],
      "note": ""
    }
  ],
  "meta": {
    "createdAt": 172,
    "changelog": [
      {
        "version": 172,
        "change": "Created, original Praetorium JSON used as a baseline - Dancer, Samurai, Warrior, Scholar(Sage)"
      },
      {
        "version": 176,
        "change": ""
      }
    ],
    "notes": []
  }
}